id,naziv,kategorija,opis,web,foto,adresa,mesto,lat,lon
NIV-0001,"Preduzetnička radnja ""Umetnik DABAR""",Zanat,"Preduzetnička radnja ""Umetnik Dabar"" iz Subotice bavi se umetničkom obradom drveta i izradom ručno rađene opreme za dečija igrališta. Kroz funkcionalnost, kreativnost i estetiku, podstiču razvoj dece kroz igru.",https://www.facebook.com/umetnikdabar/,"/img/dabar-logo.jpg,/img/dabar-carolija-1.jpg,/img/dabar-carolija-2.jpg,/img/dabar-carolija-3.jpg",Dositejeva 6,Subotica,46.091005,19.662195
NIV-0002,Dijamant Zrenjanin,Proizvodi,Jestivo rafinisano ulje suncokreta je osnovni proizvod kompanije Dijamant. Prvi je prehrambeni proizvod u Srbiji koji je stekao pravo na znak kvaliteta “Najbolje iz Vojvodine”.,https://dijamant.rs/,"/img/dijamant-logo.jpg,/img/dijamant-1.jpg,/img/dijamant-2.jpg",Temišvarski drum 14,Zrenjanin,45.38576349,20.41460676
NIV-0003,Gastro Srem,Manifestacije,"„Gastro Srem“ je jedinstvena manifestacija koja povezuje gastronomiju, kulturu i turizam, prikazujući tradiciju i savremeni duh Srema. Održava se u Staroj Pazovi i okuplja brojne proizvođače mesa, sira, meda, vina, rakije, udruženja žena, umetnike i goste iz Srbije i inostranstva.",https://gastrosrem.rs/,"/img/gastrosrem-logo.jpg,/img/gastrosrem-1.jpg,/img/gastrosrem-2.jpg,/img/gastrosrem-3.jpg",Svetosavska 11,Stara Pazova,44.962988,20.281477
NIV-0004,Ravno Selo Film Festival,Manifestacije,"Ravno Selo Film Festival promoviše debitantske filmove i mlade autore. Održava se svake godine u Ravnom Selu uz projekcije, koncerte i edukativne programe.",https://ravnoseloff.com/,"/img/ravno-selo-logo.png,/img/ravno-selo-1.jpg,/img/ravno-selo-2.jpg,/img/ravno-selo-3.jpg",7. Jula,Ravno Selo,45.44912285,19.62256773
NIV-0005,Srem Folk Fest,Manifestacije,"„Srem Folk Fest“ je međunarodni festival folklora koji se svake godine od 11. do 15. avgusta održava u Sremskoj Mitrovici. Okuplja ansamble iz celog sveta i promoviše narodne pesme, igre, muziku i nošnje različitih kultura.",http://www.sremfolkfest.org.rs,"/img/srem-folk-logo.jpg,/img/srem-folk-1.jpg,/img/srem-folk-2.jpg,/img/srem-folk-3.jpg",Vuka Karadžića 10,Sremska Mitrovica,44.96720417,19.60905068
NIV-0006,Likovna kolonija UM ING,Manifestacije,"Likovna kolonija „UM–ING“ više od decenije spaja umetnost, privredu i humanost. Okuplja poznate slikare, a sredstva od svake pete aukcije usmeravaju se u humanitarne svrhe, najčešće za zrenjaninsku neonatologiju.",https://www.youtube.com/watch?v=1o-hL1jvw1A,"/img/uming-logo.jpg,/img/uming-1.jpg,/img/uming-2.jpg,/img/uming-3.jpg",Bagljaš Aerodrom 12,Zrenjanin,45.38728318,20.35914033
NIV-0007,Ikonopisna radionica Sandra Stanković,Usluge,"Ikone rađene starom tradicionalnom tehnikom, prepoznatljivog stila, često na neobičnim prirodnim podlogama. Planirane su izložbe 2026. u Kikindi, Bosni i Hercegovini i Hrvatskoj.",https://sandraikone.rs/,"/img/ikonopisac-logo.jpg,/img/ikonopisac-1.jpg,/img/ikonopisac-2.jpg,/img/ikonopisac-3.jpg",Dositejeva 56,Kikinda,45.83421917,20.4700704
NIV-0008,SZR “Maca papučarica”,Proizvodi,"„Maca papučarica“ nudi ručno rađene opanke od prirodne kože, izrađene po tradicionalnim tehnikama sa prostora bivše SFRJ. Spoj autentičnog izgleda, udobnosti i trajnog kvaliteta.",https://www.facebook.com/share/1HpCum6L9n/?mibextid=wwXIfr,"/img/maca-logo.png,/img/maca-1.jpg,/img/maca-2.jpg,/img/maca-3.jpg",Pere Segedinca 71,Kikinda,45.83344565,20.48823918
NIV-0009,Podrum Ćega Banoštor,Usluge,"Vinogradi podruma Ćega nalaze se u Banoštoru na obroncima Fruške gore, selu sa „dva sunca“ – nebeskim i dunavskim odsjajem. Iako osnovan 2020. godine, podrum neguje dugu vinsku tradiciju, a njihova nagrađivana vina prepoznata su po vrhunskom kvalitetu.",https://vojvodina.travel/podrum-cega-banostor/,"/img/cega-logo.jpg,/img/cega-1.jpg,/img/cega-2.jpg,/img/cega-3.jpg",Svetozara Markovića BB,Banoštor,45.2056589,19.58019277
NIV-0010,Vinarija Vinum,Usluge,"Vinarija Vinum nudi širok asortiman nagrađivanih vina vrhunskog kvaliteta, uz besprekornu uslugu i prijem gostiju. Saradnjom s Turističkom organizacijom Sremski Karlovci organizuje događaje i edukacije o kulturi vina i tradiciji ovog kraja.",https://vinum.rs/,"/img/vinum-logo.png,/img/vinum-1.jpg,/img/vinum-2.jpg,/img/vinum-3.jpg",Karlovačkog mira 26a,Sremski Karlovci,45.19776433,19.93997624
NIV-0011,Vinarija Deurić,Usluge,"Vinarija Deurić nudi jedinstven „full wine experience“ – spoj vrhunskih vina, domaće kuhinje i vinskog turizma. Uz restoran, radionice, događaje i smeštaj u apartmanima, posetioci mogu potpuno uživati u čarima Fruške gore.",https://vinarijadeuric.com/,"/img/deuric-logo.jpg,/img/deuric-1.jpg,/img/deuric-2.jpg,/img/deuric-3.jpg",Ekonomija Salaš bb,Mala Remeta,45.09664796,19.74158837
NIV-0012,LAKI LUK & Co,Proizvodi,"Dinstani luk u sopstvenom soku je veganski, pasiran proizvod bez aditiva i konzervansa, napravljen od kvalitetnog crnog luka sa malo soli. Idealan je kao osnova za pripremu raznih jela.",https://www.lakiluk.rs/,"/img/luk-logo.png,/img/luk-1.jpg,/img/luk-2.png,/img/luk-3.png",Partizanska 6,Kucura,45.52901834,19.59791095
NIV-0013,Zdravstvena ustanova Medlab,Usluge,"Medlab primenjuje najsavremenije materijale i opremu za laboratorijsku dijagnostiku, uz potpunu preciznost i bezbednost. Kao jedina privatna COVID laboratorija u Srbiji, ističe se inovativnim pristupom, vrhunskim kvalitetom usluga i stručnim doprinosom kroz edukacije i izdavanje stručne literature.",https://www.medlab.rs/,"/img/medlab-logo.png,/img/medlab-1.jpg,/img/medlab-2.jpg,/img/medlab-3.jpg",Ilije Ognjanovića 1,Novi Sad,45.25505356,19.84772585
NIV-0014,PMP Mangulica,Proizvodi,"PMP Mangulica je porodična firma sa više od 10 godina tradicije u uzgoju mangulica i proizvodnji suhomesnatih proizvoda bez aditiva. Njihovo meso je poznato po kvalitetu i zdravom odnosu holesterola, a proizvodi su dostupni u Kovilju, na pijacama i manifestacijama širom Srbije.",https://www.mangulicakovilj.rs/,"/img/mangulica-logo.jpg,/img/mangulica-1.jpg,/img/mangulica-2.jpg,/img/mangulica-3.jpg",Vojvođanskih brigada 57,Kovilj,45.22206788,20.02970088
NIV-0015,"SZR ""Susam""",Proizvodi,"SZR „Susam“ već 20 godina proizvodi vrhunske domaće štrudle pod brendom „Mak sa Štrudlom“. Odlikuju se bogatim filom od čak 80% i prepoznatljivim, izbalansiranim ukusom.",https://pekarasusam.com/,"/img/susam-logo.png,/img/susam-1.png,/img/susam-2.png,/img/susam-3.png",Mitrovačka 32,Novi Sad,45.23557431,19.81122732
NIV-0016,Vitamin Horgoš,Proizvodi,"Kompanija Vitamin Horgoš naslednik je prve fabrike za preradu paprike osnovane 1919. godine. Poznata po sorti „Horgoška slatka-1“, prvoj priznatnoj začinskoj paprici u Jugoslaviji, čuva tradiciju i kvalitet vojvođanske paprike već više od jednog veka.",https://www.vitamin.co.rs/,"/img/vitamin-logo.jpg,/img/vitamin-1.jpg,/img/vitamin-2.jpg,/img/vitamin-3.png",Segedinski put 427,Horgoš,46.17582004,19.984131
NIV-0017,Advise Institute Novi Sad,Usluge,"Edukativna i konsalting organizacija koja pruža stručnu podršku kroz obuke, radionice i konsultantske usluge, sa ciljem unapređenja znanja, veština i poslovnih procesa.",http://www.adviseinstitute.com/,"/img/advise-logo.png,/img/advise-1.png,/img/advise-2.png,/img/advise-3.png",Temerinska 111,Novi Sad,45.27197478,19.84103205
NIV-0018,UG EtnoDom Gorocvet,Usluge,"Udruženje građana „Etnodom Gorocvet“ iz Inđije čuva i prenosi tradicionalne zanate i veštine na decu i mlade. Kroz radionice u školama i vrtićima neguju se vez, zlatovez, tkanje, keramika i drugi obrasci kulturnog nasleđa Srbije.",https://www.instagram.com/etnodomgorocvet/,"/img/gorocvet-logo.png,/img/gorocvet-1.jpg,/img/gorocvet-2.jpg,/img/gorocvet-3.jpg",Novosadska 47a,Inđija,45.05159675,20.07658565
NIV-0019,Sremska Svinjokolja i Kobasicijada,Manifestacije,Sremska svinjokolja i kobasicijada je međunarodna gastronomsko-privredna manifestacija koja se održava od 1996. godine. Održava se dva puta godišnje – u februaru kao Sremska kobasicijada i u oktobru kao Srem Klob Kob Fest.,https://sremskakobasicijada.rs/,"/img/svinjokolja-logo.png,/img/svinjokolja-1.jpg,/img/svinjokolja-2.jpg,/img/svinjokolja-3.jpg",Svetog Save 74,Šid,45.12471507,19.23295014
NIV-0020,Ravangrad Pivara,Proizvodi,"„Ravangrad pivara“ je prva kraft pivara u Somboru, najzelenijem gradu Srbije. Pivo kuvaju s ljubavlju, koristeći isključivo prirodne sastojke i sopstveni domaći med za posebne sezonske varijante.",https://www.ravangradpivara.rs/,"/img/ravangrad-logo.png,/img/ravangrad-1.jpg,/img/ravangrad-2.jpg,/img/ravangrad-3.png",JNA 39,Sombor,45.76161975,19.12203228
NIV-0021,Bio Farma Šoškić Plus,Proizvodi,Porodična firma koja se bavi organskom proizvodnjom povrća na 15Ha. Plasman i distribucija ka svim većim trgovinskim lancima.,https://biofarmasoksic.rs/,"/img/soskic-logo.png,/img/soskic-1.jpg,/img/soskic-2.png,/img/soskic-3.jpg",Borisa Kidriča 1-3,Taraš,45.46449163,20.20620049
NIV-0022,Velikogospojinski dani,Manifestacije,Velikogospojinski dani u Novom Bečeju tradicionalna su manifestacija koja traje više od tri decenije. Okuplja oko 150.000 posetilaca i nudi bogat program za sve uzraste tokom nekoliko dana uz Tisu.,https://novi-becej.travel/%d0%b2%d0%b5%d0%bb%d0%b8%d0%ba%d0%be%d0%b3%d0%be%d1%81%d0%bf%d0%be%d0%b8%d0%bd%d1%81%d0%ba%d0%b8-%d0%b4%d0%b0%d0%bd%d0%b8/,"/img/becej-logo.png,/img/becej-1.jpg,/img/becej-2.jpg,/img/becej-3.jpg",Žarka Zrenjanina 8,Novi Bečej,45.59665812,20.1310941
NIV-0023,Somborski Polumaraton,Manifestacije,"Somborski polumaraton je dvodnevna sportsko-turistička manifestacija i jedan od prepoznatljivih brendova grada Sombora. Okuplja preko hiljadu učesnika iz više od 20 zemalja, uz bogat prateći program i sjajnu atmosferu.",https://somaraton.org.rs,"/img/somaraton-logo.png,/img/somaraton-1.jpg,/img/somaraton-2.jpg,/img/somaraton-3.jpg",Apatinski put 81/36,Sombor,45.76525866,19.10539091
NIV-0024,Nectar doo,Proizvodi,"Tomatello je brend pasiranog paradajza kompanije Nectar, napravljen od paradajza sa sopstvenih i lokalnih plantaža. Minimalno obrađen i upakovan u tetrapak koji čuva svežinu i aromu, Tomatello je idealan za kuvanje ili kao osvežavajući napitak.",https://tomatello.rs/,"/img/nectar-logo.png,/img/nectar-1.png,/img/nectar-2.png,/img/nectar-3.png",Novosadski put 9,Bačka Palanka,45.25015744,19.42392847
NIV-0025,Šekspir Festival,Manifestacije,"Šekspir festival je međunarodni pozorišni festival osnovan 2014. godine, posvećen savremenim svetskim produkcijama Šekspirovih dela. Održava se svake godine krajem juna u autentičnom ambijentu Vile Stanković u Čortanovcima i jedini je festival te vrste u Srbiji.",https://sekspirfestival.org/,"/img/sekspir-logo.jpg,/img/sekspir-1.jpg,/img/sekspir-2.jpg,/img/sekspir-3.jpg",Put za Dunav 40,Čortanovci,45.16475564,19.99720047
NIV-0026,Slovačke Narodne Svečanosti,Manifestacije,"Slovačke narodne svečanosti, centralna manifestacija Slovaka u Srbiji, održavaju se svake godine drugog vikenda avgusta u Bačkom Petrovcu. Tokom trodnevnog programa posetioci uživaju u izložbama, koncertima i kulturnim događajima koji predstavljaju bogatu tradiciju i život slovačke zajednice u Srbiji.",https://www.backipetrovac.rs/,"/img/slovaci-logo.png,/img/slovaci-1.jpg,/img/slovaci-2.jpg,/img/slovaci-3.jpg",Kolarova 6,Bački Petrovac,45.36007625,19.59137498
NIV-0027,Serbia Epic Series,Manifestacije,"Serbia Epic Series je sportsko-turistički događaj koji spaja planinski biciklizam i trčanje na atraktivnim lokacijama širom Srbije. Uz raznovrsne staze i vrhunsku organizaciju, promoviše sport, rekreaciju i avanturistički turizam u jedinstvenom prirodnom ambijentu.",https://serbiaepicseries.com,"/img/epic-logo.jpg,/img/epic-1.jpg,/img/epic-2.jpg,/img/epic-3.jpg",Augusta Cesarca 1,Novi Sad,45.25160675,19.83931392
NIV-0028,Kobasicijada Turija,Manifestacije,"Kobasicijada u Turiji, stara više od 40 godina, održava se svake godine poslednjeg vikenda u februaru i traje tri dana. Poznata je po pravljenju najduže sveže kobasice na svetu, koja svake godine postaje duža za još jedan metar.",https://kobasicijada.rs/,"/img/kobasicijada-logo.png,/img/kobasicijada-1.jpg,/img/kobasicijada-2.jpg,/img/kobasicijada-3.jpg",Petra Drapšina 8,Turija,45.53997583,19.8563704
NIV-0029,Destilerija Mladenović,Proizvodi,"Destilerija Mladenović proizvodi vrhunske rakije, a znak kvaliteta dobila je za rakiju od vilijamovke čija se sirovina nabavlja isključivo u Sremu, na području Rume. Njihova vilijamovka važi za jednu od najboljih u Srbiji, potvrđeno brojnim nagradama i priznanjima na festivalima rakije.",https://destilerijamladenovic.rs,"/img/mladenovic-logo.png,/img/mladenovic-1.png",Sime Šolaje 24,Stara Pazova,44.99016336,20.14315636
NIV-0030,Tamburica Fest,Manifestacije,"Tamburica fest je svetski tamburaški festival osnovan 2008. godine u Novom Sadu, posvećen promociji tamburaške muzike i tamburice kao instrumenta. Proglašen je za najbolji etno festival u Evropi i jednu od najznačajnijih turističkih manifestacija u Srbiji.",https://tamburicafest.com/,"/img/tamburica-logo.png,/img/tamburica-1.jpg,/img/tamburica-2.jpg,/img/tamburica-3.jpg",Kralja Aleksandra 14,Novi Sad,45.25377098,19.84347717
NIV-0031,Fruškogorski Vinogradi,Proizvodi,"Fruškogorski vinogradi iz sela Banoštor, jednog od najstarijih vinogradarskih mesta u Vojvodini, spajaju bogatu tradiciju i savremenu tehnologiju u proizvodnji vrhunskih vina. Na više od 100 hektara vinograda uz obalu Dunava nastaju vina prepoznatljivog fruškogorskog karaktera, među kojima se izdvajaju premium linija Quet i serija Fruškać – simbol kvaliteta, tradicije i modernog vinarstva Fruške gore.",https://fruvin.com/,"/img/vinogradi-logo.png,/img/vinogradi-1.jpg,/img/vinogradi-2.jpg,/img/vinogradi-3.jpeg",Dunavska 5,Banoštor,45.21495254,19.61583225
NIV-0032,Novi Tvrđava Teatar,Manifestacije,Novi Tvrđava Teatar je međunarodni pozorišni festival koji se održava svake godine. Mesto održavanja je Vila Stanković u Čortanovcima. ,https://tvrdjavateatar.com/,"/img/teatar-logo.png,/img/teatar-1.jpg,/img/teatar-2.jpg,/img/teatar-3.jpg",Kneza Miloša 22,Novi Sad,45.25195944,19.79104937
NIV-0033,Banjoni 021 doo,Proizvodi,Orašasti plodovi- pečeni lešnik namenjen za direktnu konzumaciju ili kao sastojak u prehrambenim proizvodima,https://banjoni.com/,"/img/banjoni-logo.png,/img/banjoni-1.png,/img/banjoni-2.png,/img/banjoni-3.png",Žarka Zrenjanina 1,Temerin,45.3855395,19.87554961
NIV-0034,Vinarija Kovačević doo,Proizvodi,"Vinarija Kovačević je porodična vinarija sa južnih padina Fruške gore, posvećena očuvanju tradicije i razvoju modernog vinarstva u Srbiji. Od 2019. prelazi na organsku proizvodnju sa 95 ha vinograda, a vina nastaju kombinacijom tradicionalnih tehnika i savremenog pristupa.",https://vinarijakovacevic.com/,"/img/kovacevic-logo.png,/img/kovacevic-1.png,/img/kovacevic-2.png,/img/kovacevic-3.png",Vojvode Putnika 78,Irig,45.09233531,19.86069794
NIV-0035,KFTRJ Sremska Mitrovica,Proizvodi,"KFTRJ Sremska Mitrovica je porodična firma posvećena proizvodnji prave, čiste kafe po tradicionalnoj recepturi i savremenim standardima. Kontinuiranim unapređenjem proizvodnje i pakovanja održava visok kvalitet, dok stručan i strastven tim promoviše kulturu uživanja u kafi.",https://kftrj.rs/,"/img/kftrj-logo.png,/img/kftrj-1.png,/img/kftrj-2.png,/img/kftrj-3.png",Puškinova 26,Sremska Mitrovica,44.96599055,19.60617966
NIV-0036,Boemske noći Srpska Crnja,Manifestacije,"„Boemske noći“ su zabavno-turistička manifestacija u Srpskoj Crnji, posvećena liku i delu Đure Jakšića, poznatog slikara, pesnika i boema. Već dve decenije ova manifestacija okuplja sve više posetilaca, slaveći umetnost, boemski duh i kulturno nasleđe Srpske Crnje.",https://www.instagram.com/boemskenoci_srpskacrnja/,"/img/boemske-logo.png,/img/boemske-1.png,/img/boemske-2.png,/img/boemske-3.png",Kralja Aleksandra 65,Srpska Crnja,45.72585365,20.69486644
NIV-0037,Kovano gvožđe Mesaroš,Zanat,"Kovano gvožđe Mesaroš iz Bečeja bavi se ručnom izradom predmeta od kovanog gvožđa, poput kapija, ograda, nameštaja i dekorativnih elemenata. Kao predstavnik stare zanatske tradicije, spojem veštine i umetnosti čuvaju duh ručnog kovanja metala.",https://www.facebook.com/people/Kovano-Gvozdje-Mesaros/100057258768348/,"/img/mesaros-logo.png,/img/mesaros-1.png,/img/mesaros-2.png,/img/mesaros-3.png",Jovana Popovića 41,Bečej,45.6223717,20.04574628
NIV-0038,SAČ FEST-2012 Nova Gajdobra,Manifestacije,"Manifestacija „SAČ FEST“ u Novoj Gajdobri održava se u maju, prve nedelje nakon seoske slave Svetog Vasilija Ostroškog. Prepoznatljiva je po takmičenju u pripremi jagnjetine ispod sača po tradicionalnom receptu, koje okuplja stotine učesnika i posetilaca iz zemlje i inostranstva.",https://www.youtube.com/watch?v=8T1u2HNewwc,"/img/gajdobra-logo.png,/img/gajdobra-1.png,/img/gajdobra-2.png,/img/gajdobra-3.png",Park u centru sela,Nova Gajdobra,45.33026213,19.43635316
NIV-0039,Vinarija Kiš,Proizvodi,Kišov Bermet i Kišov Bermet beli su desertna vina sa zaštićenim geografskim poreklom i jedan od simbola Sremskih Karlovaca. Ova jedinstvena vina obogaćena su mešavinom trava i začina po porodičnom receptu starom više od 200 godina.,https://kis1801.com/,"/img/kis-logo.png,/img/kis-1.png,/img/kis-2.png,/img/kis-3.png",Karlovačkog mira 46,Sremski Karlovci,45.19628478,19.94151128
NIV-0040,HOTEL & SPA GRAD,Usluge,"Hotel & Spa Grad nalazi se u Kovinu, na uzvišenju iznad Dunava, u blizini lokaliteta Stari Grad. U prijatnom ambijentu okruženom parkom i maketom toka Dunava, hotel nudi moderni kafe-restoran sa domaćom i internacionalnom kuhinjom, dečiju igraonicu i pristup biciklističkoj stazi EuroVelo 6. Idealan je za odmor, rekreaciju i uživanje u prirodi pored reke.",https://hotelgradkovin.com/,"/img/grad-logo.png,/img/grad-1.png,/img/grad-2.png,/img/grad-3.png",Dunavska 19,Kovin,44.73097037,20.97609853
NIV-0041,Salaš Stara Dunja,Usluge,"Salaš Stara Dunja, smešten nadomak Zrenjanina, autentična je oaza banatske tradicije i ukusa. Gostima nudi jela pripremljena po starim receptima, poput teletine i jagnjetine ispod sača, domaćeg hleba i tradicionalnih poslastica, uz prijatan ambijent idealan za porodične ručkove i proslave u miru banatske ravnice.",https://salaskodstaredunje.rs/,"/img/dunja-logo.png,/img/dunja-1.png,/img/dunja-2.png,/img/dunja-3.png",Beogradski put 261,Perlez,45.27136133,20.43389221
NIV-0042,Novosadski dani piva,Manifestacije,"Manifestacija „Novosadski dani piva“ spoj je dobre muzike, lokalne pivarske tradicije i pozitivne energije Novog Sada. Održava se na Novosadskom sajmu, okuplja ljubitelje piva i roka, uz nastupe poznatih bendova i učešće malih pivara. Bogat program i podrška lokalne zajednice čine je prepoznatljivim brendom grada i događajem sa sve većim brojem posetilaca svake godine.",https://www.facebook.com/novosadskidanipiva/?locale=sr_RS,"/img/pivo-logo.png,/img/pivo-1.png,/img/pivo-2.png,/img/pivo-3.png",Futoška 71,Novi Sad,45.24911017,19.82297023
NIV-0043,Čarda Kod Braše,Usluge,"Restoran Čarda kod Braše u Begeču ima tradiciju dugu 40 godina i poznat je po pripremi ribljih specijaliteta na prepoznatljiv način. Nude bogat izbor ribljih čorbi, paprikaša, pečene, dimljene i marinirane ribe, uz prigodne priloge, pića i vina.",https://cardakodbrase.rs/,"/img/brasa-logo.png,/img/brasa-1.png,/img/brasa-2.png,/img/brasa-3.png",Begečka jama 56,Begeč,45.22110341,19.61581213
NIV-0044,MAXIM & CO doo,Usluge,Maxim & Co je vodeća kompanija za outdoor oglašavanje u Novom Sadu sa širokom mrežom reklamnih površina i ekskluzivnim lokacijama u gradu. Takođe poseduje 25 trafika koje nude mogućnost dodatnog brendiranja i promocije.,https://maxim.co.rs/,"/img/maxim-logo.png,/img/maxim-1.png,/img/maxim-2.png,/img/maxim-3.png",Bulevar Mihajla Pupina 9,Novi Sad,45.25390087,19.84266762
NIV-0045,Apis Plus,Proizvodi,"Apis Plus je porodična firma sa više od 60 godina pčelarske tradicije, nastala iz rada porodice Tomić. Danas upravljaju sa preko 700 pčelinjih društava, sopstvenim brendom Bee and You, maloprodajom, veleprodajom i online prodavnicom. U srcu Deliblatske peščare, njihove vredne pčele stvaraju med i proizvode vrhunskog kvaliteta.",https://apisplus.rs/uvodna/,"/img/apis-logo.png,/img/apis-1.jpg,/img/apis-2.jpg,/img/apis-3.jpg",Trg dr Svetislava Bukurova 3,Jarkovac,45.26940085,20.76298151
NIV-0046,Destilerija Sekulić,Proizvodi,"Destilerija Sekulić proizvodi prirodnu dunjevaču pod brendom Racka, koristeći dunje iz voćnjaka na Fruškoj gori. Rakija se dobija tradicionalnom dvostrukom destilacijom u bakarnom kazanu. Spoj tradicije i savremenog praćenja kvaliteta daje prepoznatljiv, čist voćni miris i pun ukus.",https://racka.info/pocetna-strana/,"/img/sekulic-logo.png,/img/sekulic-1.jpg,/img/sekulic-2.jpg,/img/sekulic-3.jpg",Sonje Marinković 25b,Sremska Kamenica,45.19519035,19.85122712
NIV-0047,Petrović radionica Novi Sad,Zanat,"Radionica Petrović 021 nudi širok izbor repromaterijala za dekupaž, kao i ručno rađene drvene daske za serviranje i unikatne proizvode izrađene dekupaž tehnikom po želji kupaca. Svaki komad nastaje pažljivo, sa kreativnošću i posvećenošću detaljima. Idealno mesto za sve koji vole rukotvorine i personalizovane dekorativne predmete.",https://www.instagram.com/radionicapetrovic021/,"/img/021-logo.png,/img/021-1.jpg,/img/021-2.jpg,/img/021-3.jpg",Gorana Kovačića 1,Novi Sad,45.24148557,19.80111144
NIV-0048,Baletski ansambl SNP,Manifestacije,"Balet Srpskog narodnog pozorišta jedan je od najstarijih i najznačajnijih baletskih ansambala u Srbiji, osnovan 1950. године u tradiciji ruske klasične škole. Poznat je po vrhunskim izvođačima, bogatom repertoaru od klasičnih naslova do savremenih produkcija i jednoj od najdugotrajnijih predstava — legendarnom Grku Zorbi. Danas Balet SNP ostaje ključna baletska scena regiona, prepoznata po kvalitetu, tradiciji i stalnoj umetničkoj inovaciji.",https://www.snp.org.rs/predstave-balet/,"/img/balet-logo.png,/img/balet-1.jpg,/img/balet-2.jpg,/img/balet-3.jpg",Pozorišni trg 1,Novi Sad,45.25518448,19.84281559
NIV-0049,Kobasicijada Belo Blato,Manifestacije,"Beloblatska Kobasica je festival tradicije, ukusa i zajedništva koji svake godine u srcu Belog Blata okuplja ljubitelje domaće hrane, kulture i dobre atmosfere. Posetiocima nudi autentične recepte, bogat program i nezaboravan doživljaj.",https://www.facebook.com/kobasicijadaBB/?locale=sr_RS,"/img/blato-logo.png,/img/blato-1.jpg,/img/blato-2.jpg,/img/blato-3.jpg",Ive Lole Ribara 23,Belo Blato,45.29092165,20.37209987
NIV-0050,Bio Beauty Cosmetics,Zanat,"Bio Beauty Cosmetics je domaći brend prirodne ručno rađene kozmetike, osnovan 2020. godine sa idejom da neguje prirodnu lepotu savremene žene. Pored sapuna i kozmetike od čistih prirodnih sastojaka, brend nudi i elegantne Jesmonite dekoracije, sveće i luksuzne poklon setove. Njihovi proizvodi spajaju prirodu, stil i nežnost, stvarajući autentičan ambijent i savršene poklone za svaku priliku.",https://biobeauty.rs/,"/img/beauty-logo.png,/img/beauty-1.jpg,/img/beauty-2.jpg,/img/beauty-3.png",Nušićeva 5b/13,Zrenjanin,45.37430351,20.40334896
NIV-0051,Chameleon Ruma,Usluge,"Chameleon Rental Company Ruma bavi se tehničkom realizacijom muzičkih manifestacija i društvenih događaja uz savremene audiovizuelne tehnologije. Njihov kreativni tim brzo razvija jedinstvena rešenja, uključujući profesionalne 3D vizualizacije projekata u AutoCAD-u, 3D Max-u i WYSIWYG-u. Kompanija nudi kompletnu produkciju bez podizvođača, obezbeđujući punu kontrolu i sigurnu realizaciju od početka do kraja.",http://www.chameleon.rs/home.htm,"/img/kameleon-logo.png,/img/kameleon-1.jpg,/img/kameleon-2.jpg,/img/kameleon-3.jpg",Grobljanska 76,Ruma,44.99675603,19.82528471
NIV-0052,Dani Piva Zrenjanin,Manifestacije,"Dani piva u Zrenjaninu su jedna od najvećih letnjih manifestacija u Vojvodini, nastala 1986. godine u čast tradicije proizvodnje piva u gradu. Festival svake godine krajem avgusta okuplja desetine hiljada posetilaca uz bogat muzički program, degustacije piva, vašarski duh, sportske događaje i brojne prateće festivale.",https://danipiva.rs/,"/img/pivozr-logo.png,img/pivozr-1.jpg,/img/pivozr-2.jpg,/img/pivozr-3.jpg",Trg slobode,Zrenjanin,45.38052507,20.3902036
NIV-0053,Domboš fest,Manifestacije,"Domboš Fest je jedinstveni multidisciplinarni letnji festival u Malom Iđošu, smešten u autentičnom ambijentu nekadašnjeg rudnika gline okruženog lesnim zidovima. Festival spaja savremenu etno muziku, džez, gastronomiju i vizuelne umetnosti, uz nastupe domaćih i međunarodnih izvođača. Prate ga književni program Domboš Priče, kreativni umetnički kamp i tradicionalni Dombos Wine Club, koji zajedno čine prepoznatljiv kulturni doživljaj ovog vojvođanskog festivala.",https://www.dombosfest.org/?lang=sr,"/img/dombos-logo.png,/img/dombos-1.jpg,/img/dombos-2.jpg,/img/dombos-3.jpg",Ispod brda 1,Mali Idjoš,45.70997766,19.65179419
NIV-0054,Festival Dunavski dijalozi,Manifestacije,"Festival savremene umetnosti Dunavski dijalozi je međunarodni multimedijalni festival vizuelnih umetnosti podunavskih zemalja koji se održava u galerijskim i alternativnim prostorima Novog Sada. Učesnici iz 14 zemalja predstavljaju savremene umetničke tokove regiona kroz izložbe, dijaloške postavke i stručne programe. Festival, pokrenut 2012. godine, postao je značajna platforma za povezivanje umetnika, kustosa i teoretičara duž celog podunavskog prostora.",http://danubeartfest.org/srb/,"/img/dijalozi-logo.png,/img/dijalozi-1.jpg,/img/dijalozi-2.jpg,/img/dijalozi-3.jpg",Bulevar Mihajla Pupina 17,Novi Sad,45.25416052,19.84962221
NIV-0055,Festival rakije Gornje Podunavlje,Manifestacije,"Međunarodni festival rakije „Gornje Podunavlje“ u Apatinu je jednodnevna manifestacija posvećena tradicionalnoj rakiji, sa promocijom i ocenjivanjem raznovrsnih voćnih destilata. Održava se svake godine u junu u pešačkoj zoni ulice Srpskih vladara, u organizaciji Udruženja „Čuvari tradicije“ i Turističke organizacije Apatin. Festival okuplja proizvođače, ljubitelje rakije i sve zainteresovane za očuvanje podunavske tradicije.",https://www.facebook.com/festivalrakije/,"/img/rakija-logo.jpg,/img/rakija-1.jpg,/img/rakija-2.jpg,/img/rakija-3.jpg",Petefi Šandora 2,Apatin,45.67279711,18.97856056
NIV-0056,Hotel HOGO,Usluge,"Hotel HOGO je moderan, ekskluzivni smart hotel sa četiri zvezdice, smešten u srcu Inđije na glavnom šetalištu. Gostima nudi 45 savremeno opremljenih soba i apartmana, prostran SPA centar, restoran i besplatan parking. Zahvaljujući idealnoj lokaciji između Beograda i Novog Sada, pruža udoban, praktičan i potpuno opremljen boravak za putnike svih profila.",https://hogo.rs/,"/img/hogo-logo.jpg,/img/hogo-1.jpg,/img/hogo-2.jpg,/img/hogo-3.jpg",Vojvode Stepe 32,Inđija,45.05029664,20.08600806
NIV-0057,Klinocki Wine,Proizvodi,"Klinocki Wine je porodična vinarija osnovana 2016. godine, koja vina proizvodi isključivo od grožđa iz sopstvenog vinograda zasađenog 2012. na gotovo dva hektara. U ponudi su Frankovka, Cabernet Franc, Cabernet Sauvignon, Chardonnay, Italijanski rizling i Burgundac sivi. Vinograd se nalazi u Bajmoku, na severu Vojvodine, na području sa dugom vinogradarskom tradicijom još iz vremena Austro-Ugarske.",https://klinockiwine.rs/,"/img/klinocki-logo.png,/img/klinocki-1.jpg,/img/klinocki-2.jpg,/img/klinocki-3.jpg",Subotička 52,Bajmok,45.97441487,19.44478261
NIV-0058,Mala Gostiona Palić,Usluge,"Mala gostiona je restoran sa gotovo dvovekovnom tradicijom, smešten u srcu Palića, nadomak obale jezera i šetališta. Sa arhitekturom u stilu mađarske secesije, čuva duh zlatnog doba Palića i autentičnu atmosferu. Gostima svakodnevno nudi specijalitete tradicionalne vojvođanske kuhinje u jedinstvenom, istorijskom ambijentu.",https://www.elittepalic.rs/restoran-mala-gostiona,"/img/gostiona-logo.png,/img/gostiona-1.jpg,/img/gostiona-2.jpg,/img/gostiona-3.jpg",Park Heroja 15,Palić,46.09915967,19.76077458
NIV-0059,Mini mlekara Šarkanj,Proizvodi,"Mini mlekara Šarkanj iz Malih Pijaca porodični je pogon sa dugom tradicijom mlekarstva, nastalom iz salašarskog života porodice Šarkanj. Danas dnevno prerađuju oko 10.000 litara mleka od lokalnih proizvođača i proizvode širok asortiman sireva, pavlake i jogurta pod prepoznatljivom markom Šarkanj. Njihovi autentični, punomasni sirevi cenjeni su širom severne Vojvodine i smatraju se jednim od najboljih domaćih proizvoda ovog kraja.",https://mini-mlekara.ls.rs/rs/,"/img/mlekara-logo.png,/img/mlekara-1.jpg,/img/mlekara-2.jpg,/img/mlekara-3.jpg",Aranj Janjoša bb,Male Pijace,46.07207173,19.91948851
NIV-0060,Novosadski sajam,Manifestacije,"Novosadski sajam potiče iz tradicije carskih vašara iz 1748. godine i tokom više od dva veka prerastao je u savremeni sajamsko-kongresni centar i jedan od simbola grada. Kroz ključne prekretnice – prve industrijske i poljoprivredne izložbe, međunarodne priredbe od 1930-ih i modernizaciju sa „Master“ centrom – Sajam je postao regionalni hub sa desetina manifestacija i stotinama hiljada posetilaca godišnje. Danas predstavlja vodeći agrobiznis događaj i centralno mesto okupljanja privrede, inovacija i poslovnih susreta.",https://sajam.net/sr,"/img/sajam-logo.png,/img/sajam-1.jpg,/img/sajam-2.jpg,/img/sajam-3.jpg",Hajduk Veljkova 11,Novi Sad,45.25810098,19.8232592
NIV-0061,Organic salaš 275,Proizvodi,"Organic Salaš 275 Čenej je porodično poljoprivredno gazdinstvo preduzetnice Sanje Kuzmanović, specijalizovano za preradu i konzervisanje organskog voća i povrća. Gazdinstvo posluje od 2021. godine, uz podršku grada i učešće u programu razvoja organske proizvodnje od 2015. Sanja proizvodi kvalitetne organske namirnice uz sertifikovanu i održivu poljoprivrednu praksu.",https://www.facebook.com/p/Poljoprivredno-gazdinstvo-Kuzmanovic-Organsko-povrce-100068410241990/?locale=sr_RS,"/img/sanja-logo.jpg,/img/sanja-1.jpg,/img/sanja-2.jpg,/img/sanja-3.jpg",Salaš 275,Čenej,45.36823511,19.80116171
NIV-0062,Izdavačka kuća Prometej,Usluge,"Izdavačka kuća Prometej, osnovana 1990. u Novom Sadu, svrstava se među najznačajnije domaće izdavače sa oko 100 novih naslova godišnje. Poznata je po kapitalnim delima iz oblasti istorije, antropologije, lingvistike i humanistike, kao i po monografijama posvećenim Novom Sadu. Prometej je dobitnik brojnih nagrada, uključujući „Izdavača godine“, i ostaje posvećen prenošenju znanja, negovanju kulture i podršci domaćim autorima.",https://www.prometej.rs/,"/img/prometej-logo.png,/img/prometej-1.jpg,/img/prometej-2.jpg,/img/prometej-3.jpg",Svetozara Miletića 16,Novi Sad,45.25744952,19.84506248
NIV-0063,Saračka radnja Ronto Kikinda,Zanat,"Aleksandar Ronto iz Kikinde jedan je od retkih evropskih zanatlija koji ručno izrađuju kožne torbice za staromodne bicikle. Zanat je poneo iz rodne Švajcarske, a danas njegove pažljivo izrađene, autentično „postarene“ torbice stižu u Nemačku, Austriju, Indiju i Južnu Ameriku. Sve je počelo restauracijom starog bicikla – a prva torbica, napravljena iz potrebe, prerasla je u prepoznatljiv i tražen zanatski brend.",https://www.facebook.com/ronto.leather/?locale=sr_RS,"/img/torbice-logo.png,/img/torbice-1.jpg,/img/torbice-2.jpg,/img/torbice-3.jpg",Trg srpskih dobrovoljaca 41,Kikinda,45.83170185,20.46657524
NIV-0064,Serbia Fashion Week,Manifestacije,"Serbia Fashion Week je jedina licencirana nedelja mode u Srbiji i prva međunarodna modna manifestacija u Novom Sadu. Kroz revije, izložbe, panele i promociju brendova, festival ističe energiju, talenat i bogatu modnu tradiciju Srbije i regiona. Okuplja domaće i svetske dizajnere, studente umetničkih akademija i ljubitelje mode iz celog sveta.",https://serbiafashionweek.com/,"/img/fashion-logo.jpg,/img/fashion-1.jpg,/img/fashion-2.jpg,/img/fashion-3.jpg",Bulevar cara Lazara 79b,Novi Sad,45.24044816,19.82824278
NIV-0065,Sophia Ribizla,Proizvodi,"Poljoprivredno gazdinstvo „Sophia ribizla“ iz Lukićeva bavi se tradicionalnom proizvodnjom i preradom crne ribizle, gajene na imanju od preko dva hektara u mestu Družetić. Osim ribizle, gazdinstvo prerađuje i kajsiju i šumsku borovnicu, a svi proizvodi su pasterizovani, bez konzervansa i aditiva. Gazdinstvo je prepoznatljivo po prirodnim, domaćim voćnim proizvodima višeg kvaliteta.",https://www.instagram.com/sophiaribizla/,"/img/ribizla-logo.jpg,/img/ribizla-1.jpg,/img/ribizla-2.jpg,/img/ribizla-3.jpg",Pavla Goranina 8,Lukićevo,45.33704862,20.50314118
NIV-0066,Sremska Kulenijada Erdevik,Manifestacije,"Sremska kulenijada u Erdeviku je tradicionalna manifestacija koja više od tri decenije okuplja više od 10.000 posetilaca i promoviše autentičnu sremačku kulturu kroz gastronomske specijalitete, muziku i folklor. Proizvođači kulena i vina sa Fruške gore predstavljaju svoje proizvode na izložbeno-prodajnim i takmičarskim štandovima, uz celodnevni kulturno-umetnički program. Manifestacija čuva i oživljava sremensku tradiciju kroz ukuse, mirise i zajedničko druženje.",https://www.facebook.com/p/Sremska-kulenijada-100057351674676/?locale=sr_RS,"/img/kulenijada-logo.jpg,/img/kulenijada-1.jpg,/img/kulenijada-2.jpg,/img/kulenijada-3.jpg",Trg mladih 1,Erdevik,45.11584947,19.40996478
NIV-0067,"Udruženje žena ""Staparska ruža""",Zanat,"Udruženje žena „Staparska ruža“, čuva tradiciju staparskog ćilima i izrađuje autentične tkanice sa prepoznatljivim motivom ruže. Udruženje, osnovano 2016. uz podršku grada Sombora, okuplja 15 članica, među kojima su aktivne tkalje i jedna pusterka. Staparski ćilim, sa svojim jedinstvenim šarama i simbolima, predstavlja dragoceni deo kulturnog nasleđa i pravu umetnost ručnog tkanja.",https://www.facebook.com/mira.kovacev.1/,"/img/ruza-logo.jpg,/img/ruza-1.jpg,/img/ruza-2.jpg,/img/ruza-3.png",Karadjordjev plac 84,Stapar,45.66371365,19.20083553
NIV-0068,Mesara Štrand Novi Sad,Proizvodi,"Štrand je novosadsko preduzeće koje je od male mesare osnovane 1989. izraslo u kompaniju sa preko 160 zaposlenih, modernim pogonima i 19 maloprodaja. Proizvodnja mesa i prerađevina odvija se po ISO i HACCP standardima, uz stalna ulaganja u kvalitet i razvoj kadrova. Njihov slogan „Kvalitet je naša filozofija“ odražava više od tri decenije poverenja i tradicije.",https://www.mesarastrand.com/?v=3a2d7564baee,"/img/strand-logo.jpg,/img/strand-1.jpg,/img/strand-2.jpg,/img/strand-3.png",Ilariona Ruvarca 3a,Novi Sad,45.24607108,19.80128017
NIV-0069,Univerexport Novi Sad,Proizvodi,"Univerexport je domaći trgovinski lanac osnovan 1990. kao mala porodična firma, a danas posluje sa više od 200 prodavnica, 3.000 zaposlenih i sopstvenom (uključujući i organskom) proizvodnjom – poput farme Bačka. Kupcima nudi preko 16.000 artikala i online servis Elakolije sa besplatnom dostavom. Kvalitet proizvoda i zadovoljstvo potrošača ostaju osnovne vrednosti kompanije.",https://www.univerexport.rs/,"/img/univer-logo.png,/img/univer-1.jpg,/img/univer-2.png,/img/univer-3.png",Sentandrejski put 165,Novi Sad,45.31416454,19.8250582
NIV-0070,Festival Vinski park,Manifestacije,Vinski park je festival vina i hrane u Sremskoj Mitrovici posvećen promociji vinske i gastro kulture Srema i predstavljanju lokalnih kvalitetnih proizvođača. Festival okuplja ljubitelje vina i dobre hrane u opuštenoj i pristupačnoj atmosferi.,https://www.visit-serbia.online/event/vinski-park-sremska-mitrovica/,"/img/vinski-logo.png,/img/vinski-1.jpg,/img/vinski-2.jpg,/img/vinski-3.jpg",Svetog Dimitrija 10,Sremska Mitrovica,44.96915362,19.61048539